{"0": {"1": 36.87817782917155,
  "11": 91.76055797563569,
  "12": 104.01922899156675,
  "13": 91.60785992479029,
  "2": 104.75208828467335,
  "70": 147.05441169852742,
  "75": 128.56515857727553},
 "1": {"0": 36.87817782917155,
  "11": 64.03124237432849,
  "12": 117.04699910719626,
  "13": 83.95236744726142,
  "2": 68.4470598345904,
  "70": 111.07204868912791,
  "75": 95.2102935611481},
 "10": {"11": 90.21086409075129,
  "2": 68.62215385719105,
  "3": 47.01063709417264,
  "4": 90.44335243676011,
  "70": 19.4164878389476,
  "71": 122.9186723000212,
  "75": 50.20956084253277,
  "8": 104.01922899156675,
  "80": 116.00431026474836,
  "84": 87.66413177577246,
  "9": 34.058772731852805},
 "11": {"0": 91.76055797563569,
  "1": 64.03124237432849,
  "10": 90.21086409075129,
  "12": 110.63453348751464,
  "13": 52.80151512977634,
  "2": 70.03570517957252,
  "62": 95.85405573057407,
  "70": 70.83078426785913,
  "75": 42.720018726587654},
 "12": {"0": 104.01922899156675,
  "1": 117.04699910719626,
  "11": 110.63453348751464,
  "13": 60.03332407921454,
  "19": 58.137767414994535,
  "20": 111.30588483993108,
  "25": 70.80254232723568,
  "55": 86.16263691415206},
 "13": {"0": 91.60785992479029,
  "1": 83.95236744726142,
  "11": 52.80151512977634,
  "12": 60.03332407921454,
  "19": 86.02325267042627,
  "62": 83.7615663654877,
  "75": 90.80198235721508},
 "14": {"15": 85.21150157109074,
  "17": 87.20665112249179,
  "18": 65.19202405202648,
  "19": 59.81638571495272,
  "53": 73.23933369440222,
  "62": 87.92041856133307,
  "73": 6.708203932499369},
 "15": {"14": 85.21150157109074,
  "16": 40.0,
  "54": 136.3084736911099,
  "62": 30.479501308256342,
  "73": 79.32212806020776,
  "74": 111.60645142642964,
  "77": 84.71717653463199,
  "84": 97.41663102366043},
 "16": {"15": 40.0,
  "54": 100.4987562112089,
  "62": 52.009614495783374,
  "74": 118.96217886370441,
  "75": 110.46266337545913,
  "77": 62.68173577685928,
  "84": 60.41522986797286},
 "17": {"14": 87.20665112249179,
  "18": 24.596747752497688,
  "22": 72.00694410957877,
  "52": 60.40695324215582,
  "53": 45.0,
  "68": 78.16009211867653,
  "69": 55.31726674375732,
  "73": 93.04837451562494,
  "74": 137.2953021774598,
  "76": 97.082439194738,
  "81": 71.02112361825881},
 "18": {"14": 65.19202405202648,
  "17": 24.596747752497688,
  "22": 76.38062581571324,
  "52": 79.92496481075234,
  "53": 47.265209192385896,
  "68": 101.27191120937731,
  "69": 79.40403012442127,
  "73": 71.449282711585,
  "81": 59.841457201508724},
 "19": {"12": 58.137767414994535,
  "13": 86.02325267042627,
  "14": 59.81638571495272,
  "20": 72.20110802473879,
  "25": 83.60023923410746,
  "56": 90.9065454189081,
  "73": 58.83026432033091},
 "2": {"0": 104.75208828467335,
  "1": 68.4470598345904,
  "10": 68.62215385719105,
  "11": 70.03570517957252,
  "3": 50.566787519082126,
  "70": 59.07622195096772,
  "75": 63.953107821277925,
  "80": 114.85643212288983,
  "9": 101.0},
 "20": {"12": 111.30588483993108,
  "19": 72.20110802473879,
  "21": 52.55473337388365,
  "24": 67.11929677819934,
  "25": 78.89233169326408,
  "26": 71.16881339463234,
  "45": 52.81098370604357,
  "56": 27.0,
  "81": 59.93329625508679},
 "21": {"20": 52.55473337388365,
  "22": 71.42128534267638,
  "23": 89.1403387922662,
  "24": 38.897300677553446,
  "45": 44.553338819890925,
  "46": 50.15974481593781,
  "48": 52.392747589718944,
  "56": 49.64876634922564,
  "81": 45.27692569068709},
 "22": {"17": 72.00694410957877,
  "18": 76.38062581571324,
  "21": 71.42128534267638,
  "23": 60.30754513325841,
  "52": 121.69634341261039,
  "68": 82.37718130647589,
  "69": 78.84795495128583,
  "76": 40.0,
  "81": 45.39823785126467},
 "23": {"21": 89.1403387922662,
  "22": 60.30754513325841,
  "35": 54.91812087098393,
  "48": 86.21484790916237,
  "58": 91.76055797563569,
  "61": 73.79024325749306,
  "76": 46.010868281309364},
 "24": {"20": 67.11929677819934,
  "21": 38.897300677553446,
  "29": 44.01136216933077,
  "45": 20.8806130178211,
  "46": 15.264337522473747,
  "48": 34.785054261852174,
  "56": 47.01063709417264,
  "60": 48.79549159502341,
  "81": 83.74365647617735},
 "25": {"12": 70.80254232723568,
  "19": 83.60023923410746,
  "20": 78.89233169326408,
  "26": 51.62363799656123,
  "27": 79.62411694957753,
  "28": 78.39005038906404,
  "55": 25.079872407968907,
  "56": 69.2314957226839},
 "26": {"20": 71.16881339463234,
  "25": 51.62363799656123,
  "27": 58.180752831155424,
  "28": 46.84015371452148,
  "45": 44.384682042344295,
  "55": 54.147945482723536,
  "56": 46.647615158762406,
  "60": 36.124783736376884},
 "27": {"25": 79.62411694957753,
  "26": 58.180752831155424,
  "28": 16.15549442140351,
  "29": 91.78235124467012,
  "30": 68.09552114493287,
  "55": 60.83584469702052,
  "60": 61.26989472816156},
 "28": {"25": 78.39005038906404,
  "26": 46.84015371452148,
  "27": 16.15549442140351,
  "29": 75.95393340703298,
  "30": 59.464274989274024,
  "55": 63.89053137985315,
  "60": 45.17742799230607},
 "29": {"24": 44.01136216933077,
  "27": 91.78235124467012,
  "28": 75.95393340703298,
  "30": 60.53924347066124,
  "37": 82.00609733428362,
  "45": 54.230987451824994,
  "46": 31.78049716414141,
  "47": 43.93176527297759,
  "48": 45.967379738244816,
  "60": 36.138621999185304,
  "82": 25.059928172283335},
 "3": {"10": 47.01063709417264,
  "2": 50.566787519082126,
  "4": 63.702433234531945,
  "70": 54.08326913195984,
  "71": 86.00581375697809,
  "75": 79.83107164506812,
  "80": 75.69015788066504,
  "9": 67.00746227100382},
 "30": {"27": 68.09552114493287,
  "28": 59.464274989274024,
  "29": 60.53924347066124,
  "31": 76.96752561957543,
  "37": 82.03657720797473,
  "60": 61.1310068623117,
  "82": 66.40030120413611},
 "31": {"30": 76.96752561957543,
  "32": 63.56886030125127,
  "33": 84.20213774008353,
  "34": 83.23460818673925,
  "37": 21.95449840010015,
  "38": 93.98404119849285,
  "47": 75.1065909225016,
  "82": 73.97972695272672},
 "32": {"31": 63.56886030125127,
  "33": 21.095023109728988,
  "34": 28.160255680657446,
  "37": 42.20189569201838,
  "47": 22.67156809750927,
  "48": 63.50590523722971,
  "58": 75.8946638440411,
  "61": 44.553338819890925,
  "82": 39.84971769034255},
 "33": {"31": 84.20213774008353,
  "32": 21.095023109728988,
  "34": 28.178005607210743,
  "35": 59.405386961116584,
  "37": 63.150613615387776,
  "47": 19.924858845171276,
  "48": 46.861498055439924,
  "58": 70.06425622241343,
  "59": 73.54590403278758,
  "61": 23.53720459187964,
  "82": 41.0},
 "34": {"31": 83.23460818673925,
  "32": 28.160255680657446,
  "33": 28.178005607210743,
  "35": 53.225933528685054,
  "36": 64.07027391856539,
  "37": 61.40032573203501,
  "47": 44.553338819890925,
  "58": 47.75981574503821,
  "59": 47.042533945356304,
  "61": 41.182520563948},
 "35": {"23": 54.91812087098393,
  "33": 59.405386961116584,
  "34": 53.225933528685054,
  "36": 60.876925020897694,
  "58": 38.8329756778952,
  "59": 55.46169849544819,
  "61": 44.64302857109943,
  "76": 100.40418317978589},
 "36": {"34": 64.07027391856539,
  "35": 60.876925020897694,
  "39": 72.56721022610694,
  "50": 61.61168720299745,
  "51": 61.26989472816156,
  "58": 23.021728866442675,
  "59": 17.72004514666935},
 "37": {"29": 82.00609733428362,
  "30": 82.03657720797473,
  "31": 21.95449840010015,
  "32": 42.20189569201838,
  "33": 63.150613615387776,
  "34": 61.40032573203501,
  "38": 92.91393867445294,
  "47": 56.43580423808985,
  "82": 59.941638282582836},
 "38": {"31": 93.98404119849285,
  "37": 92.91393867445294,
  "39": 34.20526275297414,
  "59": 99.24716620639605,
  "72": 59.665735560705194,
  "78": 22.0,
  "83": 59.93329625508679},
 "39": {"36": 72.56721022610694,
  "38": 34.20526275297414,
  "50": 73.824115301167,
  "59": 66.03029607687671,
  "72": 52.55473337388365,
  "78": 35.4682957019364,
  "83": 45.5411901469428},
 "4": {"10": 90.44335243676011,
  "3": 63.702433234531945,
  "5": 78.60025445251433,
  "57": 134.39121995130486,
  "6": 128.50291825480073,
  "7": 145.41320435228707,
  "70": 106.51291001564083,
  "71": 38.27531841800928,