{"0": {"1": 36.87817782917155,
  "11": 91.76055797563569,
  "13": 91.60785992479029},
 "1": {"0": 36.87817782917155, "11": 64.03124237432849, "2": 68.4470598345904},
 "10": {"3": 47.01063709417264,
  "70": 19.4164878389476,
  "75": 50.20956084253277,
  "8": 104.01922899156675,
  "9": 34.058772731852805},
 "11": {"0": 91.76055797563569,
  "1": 64.03124237432849,
  "13": 52.80151512977634,
  "75": 42.720018726587654},
 "12": {"13": 60.03332407921454,
  "19": 58.137767414994535,
  "25": 70.80254232723568},
 "13": {"0": 91.60785992479029,
  "11": 52.80151512977634,
  "12": 60.03332407921454,
  "62": 83.7615663654877},
 "14": {"18": 65.19202405202648,
  "19": 59.81638571495272,
  "73": 6.708203932499369},
 "15": {"16": 40.0, "62": 30.479501308256342, "73": 79.32212806020776},
 "16": {"15": 40.0,
  "54": 100.4987562112089,
  "62": 52.009614495783374,
  "77": 62.68173577685928,
  "84": 60.41522986797286},
 "17": {"18": 24.596747752497688,
  "52": 60.40695324215582,
  "53": 45.0,
  "69": 55.31726674375732},
 "18": {"14": 65.19202405202648,
  "17": 24.596747752497688,
  "53": 47.265209192385896,
  "73": 71.449282711585,
  "81": 59.841457201508724},
 "19": {"12": 58.137767414994535,
  "14": 59.81638571495272,
  "73": 58.83026432033091},
 "2": {"1": 68.4470598345904,
  "3": 50.566787519082126,
  "70": 59.07622195096772,
  "75": 63.953107821277925},
 "20": {"21": 52.55473337388365, "45": 52.81098370604357, "56": 27.0},
 "21": {"20": 52.55473337388365,
  "24": 38.897300677553446,
  "45": 44.553338819890925,
  "81": 45.27692569068709},
 "22": {"23": 60.30754513325841, "76": 40.0, "81": 45.39823785126467},
 "23": {"22": 60.30754513325841,
  "35": 54.91812087098393,
  "76": 46.010868281309364},
 "24": {"21": 38.897300677553446,
  "45": 20.8806130178211,
  "46": 15.264337522473747,
  "48": 34.785054261852174},
 "25": {"12": 70.80254232723568,
  "26": 51.62363799656123,
  "55": 25.079872407968907,
  "56": 69.2314957226839},
 "26": {"25": 51.62363799656123,
  "27": 58.180752831155424,
  "28": 46.84015371452148,
  "45": 44.384682042344295,
  "55": 54.147945482723536,
  "56": 46.647615158762406,
  "60": 36.124783736376884},
 "27": {"26": 58.180752831155424,
  "28": 16.15549442140351,
  "55": 60.83584469702052},
 "28": {"26": 46.84015371452148,
  "27": 16.15549442140351,
  "30": 59.464274989274024,
  "60": 45.17742799230607},
 "29": {"30": 60.53924347066124,
  "46": 31.78049716414141,
  "60": 36.138621999185304,
  "82": 25.059928172283335},
 "3": {"10": 47.01063709417264,
  "2": 50.566787519082126,
  "4": 63.702433234531945,
  "70": 54.08326913195984,
  "80": 75.69015788066504,
  "9": 67.00746227100382},
 "30": {"28": 59.464274989274024,
  "29": 60.53924347066124,
  "60": 61.1310068623117},
 "31": {"32": 63.56886030125127,
  "37": 21.95449840010015,
  "82": 73.97972695272672},
 "32": {"31": 63.56886030125127,
  "33": 21.095023109728988,
  "34": 28.160255680657446,
  "37": 42.20189569201838,
  "47": 22.67156809750927,
  "82": 39.84971769034255},
 "33": {"32": 21.095023109728988,
  "34": 28.178005607210743,
  "47": 19.924858845171276,
  "61": 23.53720459187964},
 "34": {"32": 28.160255680657446,
  "33": 28.178005607210743,
  "35": 53.225933528685054,
  "59": 47.042533945356304,
  "61": 41.182520563948},
 "35": {"23": 54.91812087098393,
  "34": 53.225933528685054,
  "36": 60.876925020897694,
  "58": 38.8329756778952,
  "61": 44.64302857109943},
 "36": {"35": 60.876925020897694,
  "58": 23.021728866442675,
  "59": 17.72004514666935},
 "37": {"31": 21.95449840010015,
  "32": 42.20189569201838,
  "47": 56.43580423808985},
 "38": {"39": 34.20526275297414, "72": 59.665735560705194, "78": 22.0},
 "39": {"38": 34.20526275297414,
  "72": 52.55473337388365,
  "78": 35.4682957019364,
  "83": 45.5411901469428},
 "4": {"3": 63.702433234531945,
  "71": 38.27531841800928,
  "80": 40.36087214122113},
 "40": {"49": 41.43669871020132,
  "50": 55.08175741568164,
  "51": 50.35871324805669,
  "65": 41.400483088968905,
  "67": 41.773197148410844},
 "41": {"42": 44.41846462902562,
  "44": 74.43117626371358,
  "64": 52.0,
  "65": 51.85556864985669},
 "42": {"41": 44.41846462902562,
  "43": 86.49277426467485,
  "44": 86.35392289873113,
  "63": 80.50465825031493,
  "64": 10.44030650891055},
 "43": {"42": 86.49277426467485,
  "63": 25.495097567963924,
  "64": 88.20430828479978},
 "44": {"41": 74.43117626371358,
  "42": 86.35392289873113,
  "63": 77.52418977325722},
 "45": {"20": 52.81098370604357,
  "21": 44.553338819890925,
  "24": 20.8806130178211,
  "26": 44.384682042344295,
  "46": 33.83784863137726,
  "56": 28.600699292150182,
  "60": 43.32435804486894},
 "46": {"24": 15.264337522473747,
  "29": 31.78049716414141,
  "45": 33.83784863137726,
  "48": 25.079872407968907},
 "47": {"32": 22.67156809750927,
  "33": 19.924858845171276,
  "37": 56.43580423808985,
  "61": 37.64306044943742,
  "82": 21.213203435596427},
 "48": {"24": 34.785054261852174,
  "46": 25.079872407968907,
  "61": 37.33630940518894},
 "49": {"40": 41.43669871020132,
  "66": 63.071388124885914,
  "67": 14.0,
  "79": 29.154759474226502},
 "5": {"57": 70.09279563550022,
  "6": 51.54609587543949,
  "7": 68.62215385719105,
  "71": 76.79192665899195},
 "50": {"40": 55.08175741568164,
  "51": 10.295630140987,
  "83": 46.51881339845203},
 "51": {"40": 50.35871324805669,
  "50": 10.295630140987,
  "83": 56.79788728465171},
 "52": {"17": 60.40695324215582,
  "53": 51.478150704935004,
  "68": 77.89736837660179,
  "69": 56.4003546088143,
  "74": 98.35141076771599},
 "53": {"17": 45.0,
  "18": 47.265209192385896,
  "52": 51.478150704935004,
  "74": 95.12623192369179},
 "54": {"16": 100.4987562112089,
  "77": 65.79513659838392,
  "84": 87.46427842267951},
 "55": {"25": 25.079872407968907,
  "26": 54.147945482723536,
  "27": 60.83584469702052},
 "56": {"20": 27.0,
  "25": 69.2314957226839,
  "26": 46.647615158762406,
  "45": 28.600699292150182},
 "57": {"5": 70.09279563550022,
  "6": 38.07886552931954,
  "7": 39.11521443121589},
 "58": {"35": 38.8329756778952,
  "36": 23.021728866442675,
  "59": 18.110770276274835},
 "59": {"34": 47.042533945356304,
  "36": 17.72004514666935,
  "58": 18.110770276274835},
 "6": {"5": 51.54609587543949,
  "57": 38.07886552931954,
  "7": 17.08800749063506},
 "60": {"26": 36.124783736376884,
  "28": 45.17742799230607,
  "29": 36.138621999185304,
  "30": 61.1310068623117,
  "45": 43.32435804486894},
 "61": {"33": 23.53720459187964,
  "34": 41.182520563948,
  "35": 44.64302857109943,
  "47": 37.64306044943742,
  "48": 37.33630940518894},
 "62": {"13": 83.7615663654877,
  "15": 30.479501308256342,
  "16": 52.009614495783374,
  "73": 81.27115109311545},
 "63": {"42": 80.50465825031493,
  "43": 25.495097567963924,
  "44": 77.52418977325722,
  "64": 85.14693182963201},
 "64": {"41": 52.0,
  "42": 10.44030650891055,
  "43": 88.20430828479978,
  "63": 85.14693182963201},
 "65": {"40": 41.400483088968905,
  "41": 51.85556864985669,
  "67": 70.57619995437555},
 "66": {"49": 63.071388124885914,
  "67": 58.463663928973865,
  "79": 48.41487374764082},
 "67": {"40": 41.773197148410844,
  "49": 14.0,
  "65": 70.57619995437555,
  "66": 58.463663928973865,
  "79": 36.796738985948195},
 "68": {"52": 77.89736837660179, "69": 25.0, "76": 69.18092222571191},
 "69": {"17": 55.31726674375732, "52": 56.4003546088143, "68": 25.0},
 "7": {"5": 68.62215385719105,
  "57": 39.11521443121589,
  "6": 17.08800749063506},
 "70": {"10": 19.4164878389476,
  "2": 59.07622195096772,
  "3": 54.08326913195984,
  "75": 31.240998703626616,
  "9": 51.66236541235796},
 "71": {"4": 38.27531841800928,
  "5": 76.79192665899195,
  "80": 15.231546211727817},
 "72": {"38": 59.665735560705194,
  "39": 52.55473337388365,
  "78": 38.62641583165593,
  "83": 12.649110640673518},
 "73": {"14": 6.708203932499369,
  "15": 79.32212806020776,
  "18": 71.449282711585,
  "19": 58.83026432033091,
  "62": 81.27115109311545},
 "74": {"52": 98.35141076771599,
  "53": 95.12623192369179,
  "77": 81.02468759581859},
 "75": {"10": 50.20956084253277,
  "11": 42.720018726587654,